frame,pan,tilt
0,80.66,9.1
1,80.66,9.1
2,80.66,9.1
3,80.66,9.1
4,80.66,9.1
5,80.66,9.1
6,80.66,9.1
7,80.66,9.1
8,80.66,9.1
9,80.66,9.1
10,80.66,9.1
11,80.66,9.1
12,80.66,9.1
13,80.66,9.1
14,80.66,9.1
15,80.66,9.1
16,80.66,9.1
17,80.66,9.1
18,80.66,9.1
19,80.66,9.1
20,80.66,9.1
21,80.66,9.1
22,80.66,9.1
23,80.66,9.1
24,80.66,9.1
25,80.66,9.1
26,80.66,9.1
27,80.66,9.1
28,80.66,9.1
29,80.66,9.1
30,80.66,9.1
31,80.66,9.1
32,80.66,9.1
33,80.66,9.1
34,80.66,9.1
35,80.66,9.1
36,80.66,9.1
37,80.66,9.1
38,80.66,9.1
39,80.66,9.1
40,80.66,9.1
41,80.66,9.1
42,80.66,9.1
43,80.66,9.1
44,80.66,9.1
45,80.66,9.1
46,80.66,9.1
47,80.66,9.1
48,80.66,9.1
49,80.66,9.1
50,80.66,9.1
51,80.66,9.1
52,80.66,9.1
53,80.66,9.1
54,80.66,9.1
55,80.66,9.1
56,80.66,9.1
57,80.66,9.1
58,80.66,9.1
59,80.66,9.1
60,80.66,9.1
61,80.66,9.1
62,80.66,9.1
63,80.66,9.1
64,80.66,9.1
65,80.66,9.1
66,80.66,9.1
67,80.66,9.1
68,80.66,9.1
69,80.66,9.1
70,80.66,9.1
71,80.66,9.1
72,80.67,9.1
73,80.67,9.1
74,80.67,9.1
75,80.67,9.1
76,80.67,9.1
77,80.67,9.1
78,80.67,9.1
79,80.67,9.1
80,80.67,9.1
81,80.67,9.1
82,80.67,9.1
83,80.67,9.1
84,80.67,9.1
85,80.66,9.09
86,80.66,9.09
87,80.66,9.07
88,80.66,9.07
89,80.67,9.04
90,80.67,9.04
91,80.7,9
92,80.7,9
93,80.72,8.98
94,80.72,8.98
95,80.74,8.95
96,80.74,8.95
97,80.76,8.93
98,80.82,8.85
99,80.82,8.85
100,80.82,8.85
101,80.87,8.79
102,80.89,8.76
103,80.89,8.76
104,80.94,8.7
105,80.98,8.64
106,81.02,8.58
107,81.04,8.55
108,81.06,8.52
109,81.06,8.52
110,81.09,8.46
111,81.1,8.42
112,81.12,8.4
113,81.12,8.4
114,81.12,8.4
115,81.13,8.37
116,81.14,8.33
117,81.16,8.29
118,81.16,8.29
119,81.17,8.27
120,81.19,8.23
121,81.19,8.23
122,81.19,8.22
123,81.19,8.22
124,81.2,8.2
125,81.21,8.18
126,81.22,8.16
127,81.22,8.15
128,81.22,8.15
129,81.24,8.11
130,81.24,8.11
131,81.25,8.1
132,81.25,8.1
133,81.25,8.1
134,81.25,8.09
135,81.25,8.09
136,81.25,8.09
137,81.26,8.07
138,81.27,8.07
139,81.27,8.07
140,81.27,8.07
141,81.28,8.04
142,81.28,8.03
143,81.28,8.03
144,81.29,8.01
145,81.29,8.01
146,81.3,8.01
147,81.3,8.01
148,81.3,8.01
149,81.3,8
150,81.3,8
151,81.3,8
152,81.3,8
153,81.3,8
154,81.31,8
155,81.31,8
156,81.31,8
157,81.31,8
158,81.31,8
159,81.31,8
160,81.31,8
161,81.31,8
162,81.31,8
163,81.31,8
164,81.32,8
165,81.32,8
166,81.32,8
167,81.32,8
168,81.32,8
169,81.32,8
170,81.32,8
171,81.32,8
172,81.32,8
173,81.33,8
174,81.33,8
175,81.33,8
176,81.33,8
177,81.33,8
178,81.33,8
179,81.33,8
180,81.33,8
181,81.33,8
182,81.33,8
183,81.33,8
184,81.33,8
185,81.33,8
186,81.33,8
187,81.33,8
188,81.33,8
189,81.33,8
190,81.33,8
191,81.33,8
192,81.33,8
193,81.33,8
194,81.33,8
195,81.33,8
196,81.33,8
197,81.33,8
198,81.33,8
199,81.33,8
200,81.33,8
201,81.33,8
202,81.33,8
203,81.33,8
204,81.33,8
205,81.33,8
206,81.33,8
207,81.33,8
208,81.33,8
209,81.33,8
210,81.33,8
211,81.33,8
212,81.33,8
213,81.33,8
214,81.33,8
215,81.33,8
216,81.33,8
217,81.33,8
218,81.33,8
219,81.33,8
220,81.33,8
221,81.33,8
222,81.33,8
223,81.33,8
224,81.33,8
225,81.33,8
226,81.33,8
227,81.33,8
228,81.33,8
229,81.33,8
230,81.33,8
231,81.33,8
232,81.33,8
233,81.33,8
234,81.33,8
235,81.33,8
236,81.33,8
237,81.32,8
238,81.32,8
239,81.27,8
240,81.25,8
241,81.18,8
242,81.14,8
243,81.1,8
244,81.06,8
245,80.94,7.99
246,80.88,7.99
247,80.81,7.99
248,80.81,7.99
249,80.81,7.99
250,80.81,7.99
251,80.79,7.99
252,80.79,7.99
253,80.78,7.99
254,80.78,7.99
255,80.63,7.98
256,80.47,7.98
257,80.47,7.98
258,80.47,7.98
259,80.47,7.98
260,80.29,7.97
261,80.29,7.97
262,80.29,7.97
263,80.11,7.97
264,80.11,7.97
265,80.02,7.97
266,79.93,7.96
267,79.93,7.96
268,79.93,7.96
269,79.76,7.96
270,79.58,7.95
271,79.58,7.95
272,79.5,7.95
273,79.33,7.95
274,79.33,7.95
275,79.17,7.94
276,78.94,7.94
277,78.94,7.94
278,78.87,7.93
279,78.87,7.93
280,78.8,7.93
281,78.74,7.93
282,78.61,7.93
283,78.61,7.93
284,78.54,7.93
285,78.44,7.92
286,78.39,7.92
287,78.34,7.92
288,78.29,7.92
289,78.29,7.92
290,78.21,7.92
291,78.21,7.92
292,78.19,7.92
293,78.16,7.92
294,78.09,7.92
295,78.06,7.92
296,78.06,7.92
297,78.06,7.92
298,78.03,7.92
299,78.03,7.92
300,78.01,7.92
301,78.01,7.92
302,77.93,7.92
303,77.88,7.92
304,77.87,7.92
305,77.87,7.92
306,77.87,7.92
307,77.87,7.92
308,77.87,7.92
309,77.87,7.92
310,77.87,7.92
311,77.87,7.92
312,77.87,7.92
313,77.84,7.92
314,77.84,7.92
315,77.81,7.92
316,77.79,7.92
317,77.78,7.92
318,77.76,7.92
319,77.75,7.92
320,77.74,7.92
321,77.74,7.92
322,77.73,7.92
323,77.71,7.92
324,77.7,7.92
325,77.68,7.92
326,77.67,7.92
327,77.67,7.92
328,77.66,7.92
329,77.66,7.92
330,77.65,7.92
331,77.64,7.93
332,77.64,7.93
333,77.63,7.93
334,77.63,7.93
335,77.62,7.93
336,77.62,7.93
337,77.61,7.93
338,77.6,7.93
339,77.6,7.93
340,77.6,7.93
341,77.6,7.93
342,77.6,7.93
343,77.59,7.93
344,77.59,7.93
345,77.58,7.93
346,77.58,7.93
347,77.57,7.93
348,77.57,7.93
349,77.57,7.93
350,77.57,7.93
351,77.57,7.93
352,77.57,7.93
353,77.56,7.94
354,77.56,7.94
355,77.56,7.94
356,77.55,7.94
357,77.55,7.94
358,77.55,7.94
359,77.55,7.94
360,77.55,7.94
361,77.55,7.94
362,77.54,7.94
363,77.54,7.94
364,77.54,7.94
365,77.53,7.94
366,77.53,7.94
367,77.53,7.94
368,77.53,7.94
369,77.53,7.94
370,77.53,7.94
371,77.53,7.94
372,77.53,7.94
373,77.53,7.94
374,77.53,7.94
375,77.52,7.94
376,77.52,7.94
377,77.52,7.94
378,77.52,7.94
379,77.52,7.94
380,77.52,7.94
381,77.52,7.94
382,77.52,7.94
383,77.52,7.94
384,77.52,7.94
385,77.52,7.94
386,77.52,7.94
387,77.52,7.94
388,77.52,7.94
389,77.52,7.94
390,77.52,7.94
391,77.52,7.94
392,77.52,7.94
393,77.52,7.94
394,77.52,7.94
395,77.52,7.94
396,77.52,7.94
397,77.52,7.94
398,77.52,7.94
399,77.52,7.94
400,77.52,7.94
401,77.52,7.94
402,77.52,7.94
403,77.52,7.94
404,77.52,7.94
405,77.52,7.94
406,77.52,7.94
407,77.52,7.94
408,77.52,7.94
409,77.52,7.94
410,77.52,7.94
411,77.52,7.94
412,77.52,7.94
413,77.52,7.94
414,77.52,7.94
415,77.52,7.94
416,77.52,7.94
417,77.52,7.94
418,77.52,7.94
419,77.52,7.94
420,77.52,7.94
421,77.52,7.94
422,77.52,7.94
423,77.52,7.94
424,77.52,7.94
425,77.52,7.94
426,77.52,7.94
427,77.52,7.94
428,77.52,7.94
429,77.52,7.94
430,77.52,7.94
431,77.52,7.94
432,77.52,7.94
433,77.52,7.94
434,77.52,7.94
435,77.52,7.94
436,77.52,7.94
437,77.52,7.94
438,77.52,7.94
439,77.52,7.94
440,77.51,7.96
441,77.51,7.96
442,77.51,7.96
443,77.51,7.97
444,77.51,7.99
445,77.51,8.05
446,77.51,8.08
447,77.51,8.11
448,77.51,8.11
449,77.5,8.14
450,77.49,8.17
451,77.49,8.17
452,77.47,8.24
453,77.47,8.24
454,77.45,8.29
455,77.43,8.33
456,77.43,8.33
457,77.39,8.41
458,77.39,8.41
459,77.36,8.49
460,77.36,8.49
461,77.32,8.58
462,77.32,8.58
463,77.29,8.65
464,77.29,8.65
465,77.27,8.69
466,77.23,8.8
467,77.21,8.84
468,77.21,8.84
469,77.2,8.87
470,77.2,8.87
471,77.2,8.87
472,77.19,8.88
473,77.19,8.88
474,77.18,8.9
475,77.17,8.91
476,77.16,8.94
477,77.15,8.95
478,77.15,8.95
479,77.14,8.96
480,77.14,8.96
481,77.14,8.96
482,77.14,8.96
483,77.13,8.98
484,77.11,9
485,77.11,9
486,77.1,9.03
487,77.08,9.05
488,77.08,9.05
489,77.08,9.05
490,77.07,9.06
491,77.07,9.06
492,77.06,9.08
493,77.05,9.08
494,77.05,9.09
495,77.05,9.09
496,77.05,9.09
497,77.04,9.09
498,77.04,9.09
499,77.04,9.09
500,77.04,9.1
501,77.03,9.11
502,77.02,9.12
503,77.02,9.12
504,77.01,9.13
505,77.01,9.13
506,77.01,9.13
507,77.01,9.13
508,77.01,9.13
509,77,9.14
510,77,9.14
511,77,9.14
512,76.99,9.14
513,76.99,9.14
514,76.99,9.15
515,76.99,9.15
516,76.98,9.15
517,76.98,9.15
518,76.98,9.15
519,76.98,9.16
520,76.98,9.16
521,76.98,9.16
522,76.97,9.16
523,76.97,9.16
524,76.97,9.16
525,76.97,9.16
526,76.97,9.16
527,76.97,9.16
528,76.97,9.16
529,76.97,9.16
530,76.97,9.16
531,76.97,9.16
532,76.96,9.17
533,76.96,9.17
534,76.96,9.17
535,76.96,9.17
536,76.96,9.17
537,76.96,9.17
538,76.96,9.17
539,76.96,9.17
540,76.96,9.17
541,76.96,9.17
542,76.96,9.17
543,76.96,9.17
544,76.95,9.17
545,76.95,9.17
546,76.95,9.17
547,76.95,9.17
548,76.95,9.17
549,76.95,9.17
550,76.95,9.17
551,76.95,9.17
552,76.95,9.17
553,76.95,9.17
554,76.95,9.17
555,76.95,9.17
556,76.95,9.17
557,76.95,9.17
558,76.95,9.17
559,76.95,9.17
560,76.95,9.17
561,76.95,9.17
562,76.95,9.17
563,76.95,9.17
564,76.95,9.17
565,76.95,9.17
566,76.95,9.17
567,76.95,9.17
568,76.95,9.17
569,76.95,9.17
570,76.95,9.17
571,76.95,9.17
572,76.95,9.17
573,76.95,9.17
574,76.95,9.17
575,76.95,9.17
576,76.95,9.17
577,76.95,9.17
578,76.95,9.17
579,76.95,9.17
580,76.95,9.17
581,76.95,9.17
582,76.95,9.17
583,76.95,9.17
584,76.95,9.17
585,76.95,9.17
586,76.95,9.17
587,76.95,9.17
588,76.95,9.17
589,76.95,9.17
590,76.95,9.17
591,76.95,9.17
592,76.95,9.18
593,76.95,9.18
594,76.95,9.18
595,76.95,9.18
596,76.95,9.18
597,76.95,9.17
598,76.94,9.05
599,76.93,9
600,76.92,8.94
601,76.89,8.83
602,76.89,8.83
603,76.89,8.83
604,76.88,8.77
605,76.87,8.71
606,76.85,8.59
607,76.84,8.54
608,76.84,8.54
609,76.84,8.54
610,76.82,8.48
611,76.78,8.4
612,76.78,8.4
613,76.76,8.36
614,76.72,8.29
615,76.7,8.25
616,76.68,8.21
617,76.68,8.21
618,76.65,8.14
619,76.63,8.11
620,76.63,8.11
621,76.61,8.09
622,76.58,8.04
623,76.58,8.04
624,76.56,8.02
625,76.53,8
626,76.52,8
627,76.52,8
628,76.52,8
629,76.52,8
630,76.52,8
631,76.52,8
632,76.52,8
633,76.52,8
634,76.52,8
635,76.52,8
636,76.52,8
637,76.52,8
638,76.51,8
639,76.51,8
640,76.51,8
641,76.51,8
642,76.5,8
643,76.5,8
644,76.5,8
645,76.49,8
646,76.49,8
647,76.49,8
648,76.49,8
649,76.48,8.02
650,76.47,8.02
651,76.47,8.02
652,76.47,8.02
653,76.46,8.03
654,76.45,8.04
655,76.45,8.04
656,76.45,8.04
657,76.45,8.04
658,76.44,8.05
659,76.43,8.05
660,76.41,8.07
661,76.4,8.08
662,76.39,8.08
663,76.39,8.08
664,76.38,8.09
665,76.36,8.1
666,76.36,8.1
667,76.35,8.11
668,76.34,8.12
669,76.33,8.12
670,76.33,8.12
671,76.33,8.12
672,76.33,8.12
673,76.31,8.13
674,76.31,8.13
675,76.31,8.13
676,76.31,8.13
677,76.31,8.13
678,76.3,8.14
679,76.29,8.14
680,76.29,8.14
681,76.29,8.15
682,76.29,8.15
683,76.27,8.15
684,76.27,8.15
685,76.27,8.15
686,76.27,8.16
687,76.26,8.16
688,76.26,8.16
689,76.26,8.16
690,76.25,8.16
691,76.25,8.17
692,76.25,8.17
693,76.25,8.17
694,76.24,8.17
695,76.24,8.17
696,76.24,8.17
697,76.23,8.17
698,76.23,8.17
699,76.23,8.18
700,76.23,8.18
701,76.22,8.18
702,76.22,8.18
703,76.22,8.18
704,76.22,8.18
705,76.22,8.18
706,76.22,8.18
707,76.21,8.18
708,76.21,8.18
709,76.21,8.18
710,76.21,8.18
711,76.21,8.18
712,76.2,8.18
713,76.2,8.18
714,76.2,8.18
715,76.2,8.18
716,76.2,8.18
717,76.2,8.18
718,76.2,8.18
719,76.2,8.18
720,76.2,8.18
721,76.19,8.18
722,76.19,8.18
723,76.19,8.18
724,76.19,8.18
725,76.19,8.18
726,76.19,8.18
727,76.19,8.18
728,76.19,8.18
729,76.19,8.18
730,76.19,8.18
731,76.19,8.18
732,76.19,8.18
733,76.19,8.18
734,76.19,8.18
735,76.19,8.18
736,76.19,8.18
737,76.19,8.18
738,76.19,8.18
739,76.19,8.18
740,76.19,8.18
741,76.19,8.18
742,76.19,8.18
743,76.19,8.18
744,76.19,8.18
745,76.19,8.18
746,76.19,8.18
747,76.19,8.18
748,76.19,8.18
749,76.19,8.18
750,76.19,8.18
751,76.19,8.18
752,76.19,8.18
753,76.19,8.18
754,76.19,8.18
755,76.19,8.18
756,76.19,8.18
757,76.19,8.18
758,76.19,8.18
759,76.19,8.18
760,76.19,8.18
761,76.19,8.18
762,76.19,8.18
763,76.19,8.18
764,76.19,8.18
765,76.19,8.18
766,76.19,8.18
767,76.19,8.18
768,76.19,8.18
769,76.19,8.18
770,76.19,8.18
771,76.19,8.18
772,76.19,8.18
773,76.19,8.18
774,76.19,8.18
775,76.26,8.18
776,76.26,8.18
777,76.38,8.18
778,76.88,8.14
779,76.88,8.14
780,77.01,8.14
781,77.14,8.13
782,77.27,8.13
783,77.41,8.12
784,77.53,8.11
785,77.53,8.11
786,77.65,8.11
787,77.77,8.11
788,77.77,8.11
789,77.95,8.1
790,77.96,8.1
791,77.96,8.1
792,77.96,8.1
793,77.96,8.1
794,77.96,8.1
795,77.96,8.1
796,77.96,8.1
797,77.96,8.1
798,77.96,8.1
799,78.05,8.09
800,78.18,8.09
801,78.36,8.08
802,78.36,8.08
803,78.44,8.08
804,78.52,8.07
805,78.52,8.07
806,78.59,8.07
807,78.75,8.06
808,78.83,8.06
809,78.83,8.06
810,78.83,8.06
811,78.98,8.05
812,78.98,8.05
813,79.05,8.05
814,79.05,8.05
815,79.12,8.05
816,79.4,8.03
817,79.46,8.03
818,79.53,8.02
819,79.59,8.02
820,79.63,8.02
821,79.68,8.02
822,79.71,8.02
823,79.71,8.02
824,79.72,8.01
825,79.72,8.01
826,79.72,8.01
827,79.73,8.01
828,79.76,8.01
829,79.76,8.01
830,79.83,8.01
831,79.86,8.01
832,79.89,8
833,79.89,8
834,79.89,8
835,79.89,8
836,79.99,8
837,80.01,8
838,80.04,7.99
839,80.04,7.99
840,80.08,7.99
841,80.08,7.99
842,80.13,7.99
843,80.15,7.99
844,80.19,7.98
845,80.21,7.98
846,80.21,7.98
847,80.21,7.98
848,80.23,7.98
849,80.23,7.98
850,80.26,7.98
851,80.28,7.98
852,80.28,7.98
853,80.28,7.98
854,80.3,7.98
855,80.32,7.97
856,80.32,7.97
857,80.34,7.97
858,80.34,7.97
859,80.36,7.97
860,80.38,7.97
861,80.38,7.97
862,80.41,7.97
863,80.41,7.97
864,80.41,7.97
865,80.42,7.96
866,80.43,7.96
867,80.43,7.96
868,80.43,7.96
869,80.44,7.96
870,80.44,7.96
871,80.45,7.96
872,80.45,7.96
873,80.45,7.96
874,80.47,7.96
875,80.47,7.96
876,80.47,7.96
877,80.47,7.96
878,80.48,7.96
879,80.48,7.96
880,80.49,7.96
881,80.49,7.96
882,80.49,7.96
883,80.49,7.96
884,80.5,7.96
885,80.5,7.96
886,80.5,7.96
887,80.5,7.96
888,80.5,7.96
889,80.51,7.96
890,80.51,7.96
891,80.51,7.96
892,80.51,7.96
893,80.51,7.96
894,80.51,7.96
895,80.51,7.96
896,80.51,7.96
897,80.51,7.96
898,80.52,7.96
899,80.52,7.96
900,80.52,7.96
901,80.52,7.96
902,80.52,7.96
903,80.52,7.96
904,80.52,7.96
905,80.52,7.96
906,80.52,7.96
907,80.52,7.96
908,80.52,7.96
909,80.52,7.96
910,80.52,7.96
911,80.52,7.96
912,80.52,7.96
913,80.52,7.96
914,80.52,7.96
915,80.52,7.96
916,80.52,7.96
917,80.52,7.96
918,80.52,7.96
919,80.52,7.96
920,80.52,7.96
921,80.52,7.96
922,80.52,7.96
923,80.52,7.96
924,80.52,7.96
925,80.52,7.96
926,80.52,7.96
927,80.52,7.96
928,80.52,7.96
929,80.52,7.96
930,80.52,7.96
931,80.52,7.96
932,80.52,7.96
933,80.52,7.96
934,80.52,7.96
935,80.52,7.96
936,80.52,7.96
937,80.52,7.96
938,80.52,7.96
939,80.52,7.96
940,80.52,7.96
941,80.52,7.96
942,80.52,7.96
943,80.52,7.96
944,80.52,7.96
945,80.53,7.96
946,80.53,7.96
947,80.53,7.96
948,80.53,7.96
949,80.53,7.96
950,80.53,7.96
951,80.53,7.96
952,80.54,7.96
953,80.54,7.96
954,80.54,7.96
955,80.54,7.96
956,80.54,7.96
957,80.54,7.96
958,80.54,7.96
959,80.54,7.96
960,80.54,7.96
961,80.54,7.96
962,80.53,7.96
963,80.53,7.96
964,80.53,7.96
965,80.52,7.96
966,80.52,7.96
967,80.52,7.96
968,80.52,7.96
969,80.5,7.96
970,80.48,7.96
971,80.48,7.96
972,80.45,7.96
973,80.45,7.96
974,80.43,7.96
975,80.43,7.96
976,80.4,7.96
977,80.39,7.96
978,80.36,7.96
979,80.35,7.96
980,80.34,7.96
981,80.34,7.96
982,80.33,7.97
983,80.33,7.97
984,80.32,7.97
985,80.32,7.97
986,80.32,7.97
987,80.29,7.97
988,80.29,7.97
989,80.28,7.97
990,80.25,7.97
991,80.25,7.97
992,80.24,7.97
993,80.24,7.97
994,80.23,7.97
995,80.22,7.97
996,80.21,7.97
997,80.21,7.97
998,80.2,7.97
999,80.19,7.97
1000,80.19,7.97
1001,80.19,7.97
1002,80.18,7.97
1003,80.18,7.97
1004,80.17,7.97
1005,80.17,7.97
1006,80.17,7.97
1007,80.17,7.97
1008,80.16,7.97
1009,80.16,7.97
1010,80.16,7.97
1011,80.15,7.97
1012,80.15,7.97
1013,80.15,7.97
1014,80.15,7.97
1015,80.15,7.97
1016,80.14,7.97
1017,80.14,7.97
1018,80.14,7.97
1019,80.14,7.97
1020,80.14,7.97
1021,80.14,7.97
1022,80.13,7.97
1023,80.13,7.97
1024,80.13,7.97
1025,80.13,7.97
1026,80.13,7.97
1027,80.13,7.97
1028,80.13,7.97
1029,80.13,7.97
1030,80.13,7.97
1031,80.12,7.97
1032,80.12,7.97
1033,80.12,7.97
1034,80.12,7.97
1035,80.12,7.97
1036,80.12,7.97
1037,80.12,7.97
1038,80.12,7.97
1039,80.12,7.97
1040,80.12,7.97
1041,80.12,7.97
1042,80.12,7.97
1043,80.12,7.97
1044,80.12,7.97
1045,80.12,7.97
1046,80.12,7.97
1047,80.12,7.97
1048,80.12,7.97
1049,80.12,7.97
1050,80.12,7.97
1051,80.12,7.97
1052,80.12,7.97
1053,80.12,7.97
1054,80.12,7.97
1055,80.12,7.97
1056,80.12,7.97
1057,80.12,7.97
1058,80.12,7.97
1059,80.12,7.97
1060,80.12,7.97
1061,80.12,7.97
1062,80.12,7.97
1063,80.12,7.97
1064,80.12,7.97
1065,80.12,7.97
1066,80.12,7.97
1067,80.12,7.97
1068,80.12,7.97
1069,80.12,7.97
1070,80.12,7.97
1071,80.12,7.97
1072,80.12,7.97
1073,80.12,7.97
1074,80.12,7.97
1075,80.12,7.97
1076,80.12,7.97
1077,80.12,7.97
1078,80.12,7.97
1079,80.12,7.97
1080,80.12,7.97
1081,80.12,7.97
1082,80.12,7.97
1083,80.12,7.97
1084,80.12,7.97
1085,80.12,7.97
1086,80.12,7.97
1087,80.11,7.97
1088,80.11,7.97
1089,80.1,7.97
1090,80.1,7.97
1091,80.07,7.95
1092,80.04,7.93
1093,80.02,7.9
1094,79.99,7.88
1095,79.97,7.85
1096,79.97,7.85
1097,79.94,7.83
1098,79.9,7.8
1099,79.8,7.74
1100,79.75,7.7
1101,79.75,7.7
1102,79.75,7.7
1103,79.69,7.67
1104,79.69,7.67
1105,79.69,7.67
1106,79.64,7.63
1107,79.59,7.6
1108,79.59,7.6
1109,79.54,7.57
1110,79.48,7.53
1111,79.48,7.53
1112,79.33,7.43
1113,79.33,7.43
1114,79.22,7.37
1115,79.17,7.33
1116,79.17,7.33
1117,79.12,7.3
1118,79.06,7.27
1119,79.06,7.27
1120,78.96,7.2
1121,78.85,7.14
1122,78.8,7.11
1123,78.8,7.11
1124,78.8,7.11
1125,78.8,7.11
1126,78.75,7.07
1127,78.65,7.01
1128,78.65,7.01
1129,78.65,7.01
1130,78.49,6.91
1131,78.43,6.87
1132,78.43,6.87
1133,78.27,6.78
1134,78.22,6.74
1135,78.12,6.67
1136,78.07,6.64
1137,78.02,6.61
1138,78.02,6.61
1139,77.96,6.57
1140,77.91,6.54
1141,77.8,6.48
1142,77.8,6.48
1143,77.75,6.44
1144,77.7,6.41
1145,77.65,6.38
1146,77.59,6.34
1147,77.59,6.34
1148,77.49,6.28
1149,77.44,6.24
1150,77.44,6.24
1151,77.33,6.18
1152,77.28,6.14
1153,77.28,6.14
1154,77.12,6.05
1155,77.06,6.01
1156,77.01,5.98
1157,77.01,5.98
1158,76.96,5.95
1159,76.91,5.91
1160,76.85,5.88
1161,76.8,5.85
1162,76.8,5.85
1163,76.69,5.78
1164,76.64,5.75
1165,76.54,5.68
1166,76.54,5.68
1167,76.49,5.65
1168,76.49,5.65
1169,76.44,5.62
1170,76.33,5.55
1171,76.33,5.55
1172,76.28,5.52
1173,76.28,5.52
1174,76.28,5.52
1175,76.17,5.45
1176,76.07,5.39
1177,75.96,5.32
1178,75.91,5.29
1179,75.91,5.29
1180,75.8,5.23
1181,75.8,5.23
1182,75.75,5.19
1183,75.64,5.13
1184,75.64,5.13
1185,75.59,5.09
1186,75.49,5.03
1187,75.38,4.96
1188,75.33,4.93
1189,75.28,4.9
1190,75.28,4.9
1191,75.17,4.83
1192,75.17,4.83
1193,75.07,4.77
1194,75.02,4.74
1195,75.02,4.74
1196,75.02,4.74
1197,74.97,4.7
1198,74.97,4.7
1199,74.97,4.7
1200,74.95,4.69
1201,74.95,4.69
1202,74.95,4.69
1203,74.95,4.69
1204,74.95,4.69
1205,74.95,4.69
1206,74.95,4.69
1207,74.95,4.69
1208,74.95,4.69
1209,74.95,4.69
1210,74.95,4.69
1211,74.95,4.69
1212,74.95,4.69
1213,74.95,4.69
1214,74.95,4.69
1215,74.95,4.69
1216,74.95,4.69
1217,74.95,4.69
1218,74.95,4.69
1219,74.95,4.69
1220,74.95,4.69
1221,74.95,4.69
1222,74.95,4.69
1223,74.95,4.69
1224,74.95,4.69
1225,74.95,4.69
1226,74.95,4.69
1227,74.95,4.69
1228,74.95,4.69
1229,74.95,4.69
1230,74.95,4.69
1231,74.95,4.69
1232,74.95,4.69
1233,74.95,4.69
1234,74.95,4.69
1235,74.95,4.69
1236,74.95,4.69
1237,74.95,4.69
1238,74.95,4.69
1239,74.95,4.69
1240,74.95,4.69
1241,74.95,4.69
1242,74.95,4.69
1243,74.95,4.69
1244,74.95,4.69
1245,74.95,4.69
1246,74.95,4.69
1247,74.95,4.69
1248,74.95,4.69
1249,74.95,4.69
1250,74.95,4.69
1251,74.95,4.69
1252,74.95,4.69
1253,74.95,4.69
1254,74.96,4.72
1255,74.96,4.72
1256,74.96,4.72
1257,75.08,4.82
1258,75.33,5.03
1259,75.7,5.35
1260,75.7,5.35
1261,75.82,5.46
1262,76.06,5.67
1263,76.06,5.67
1264,76.06,5.67
1265,76.19,5.78
1266,76.42,5.97
1267,76.64,6.16
1268,76.71,6.21
1269,76.71,6.21
1270,76.71,6.21
1271,76.79,6.28
1272,76.88,6.34
1273,76.97,6.41
1274,76.97,6.41
1275,77.05,6.48
1276,77.05,6.48
1277,77.05,6.48
1278,77.05,6.48
1279,77.28,6.63
1280,77.41,6.72
1281,77.55,6.8
1282,77.62,6.84
1283,77.68,6.89
1284,77.75,6.93
1285,77.82,6.97
1286,77.88,7
1287,77.93,7.02
1288,77.98,7.05
1289,78.03,7.07
1290,78.07,7.09
1291,78.07,7.09
1292,78.12,7.11
1293,78.12,7.11
1294,78.16,7.12
1295,78.24,7.16
1296,78.28,7.17
1297,78.36,7.2
1298,78.4,7.21
1299,78.4,7.21
1300,78.44,7.23
1301,78.47,7.24
1302,78.47,7.24
1303,78.51,7.25
1304,78.54,7.25
1305,78.54,7.25
1306,78.62,7.27
1307,78.62,7.27
1308,78.64,7.27
1309,78.66,7.28
1310,78.66,7.28
1311,78.72,7.28
1312,78.72,7.28
1313,78.74,7.29
1314,78.76,7.29
1315,78.79,7.29
1316,78.79,7.29
1317,78.79,7.29
1318,78.81,7.29
1319,78.81,7.29
1320,78.83,7.29
1321,78.83,7.29
1322,78.85,7.29
1323,78.87,7.29
1324,78.89,7.28
1325,78.89,7.28
1326,78.91,7.28
1327,78.91,7.28
1328,78.91,7.28
1329,78.91,7.28
1330,78.92,7.28
1331,78.92,7.28
1332,78.93,7.27
1333,78.93,7.27
1334,78.93,7.27
1335,78.93,7.27
1336,78.94,7.27
1337,78.94,7.27
1338,78.96,7.26
1339,78.97,7.26
1340,78.97,7.26
1341,78.97,7.26
1342,78.97,7.25
1343,78.97,7.25
1344,78.97,7.25
1345,78.97,7.25
1346,78.98,7.25
1347,78.98,7.25
1348,78.98,7.25
1349,78.99,7.24
1350,78.99,7.24
1351,78.99,7.24
1352,78.99,7.24
1353,78.99,7.24
1354,78.99,7.24
1355,78.99,7.24
1356,78.99,7.24
1357,79,7.24
1358,79,7.24
1359,79,7.24
1360,79,7.24
1361,79,7.24
1362,79,7.24
1363,79,7.24
1364,79,7.24
1365,79,7.24
1366,79,7.24
1367,79,7.24
1368,79,7.24
1369,79,7.24
1370,79,7.24
1371,79,7.24
1372,79,7.24
1373,79,7.24
1374,79,7.24
1375,79,7.24
1376,79,7.24
1377,79,7.24
1378,79,7.24
1379,79,7.24
1380,79,7.24
1381,79,7.24
1382,79,7.24
1383,79,7.24
1384,79,7.24
1385,79,7.24
1386,79,7.24
1387,79,7.24
1388,79,7.24
1389,79,7.24
1390,79,7.24
1391,79,7.24
1392,79,7.24
1393,79,7.24
1394,79,7.24
1395,79,7.24
1396,79,7.24
1397,79,7.24
1398,79,7.24
1399,79,7.24
1400,79,7.24
